Recency,Frequency,Monetary,Rank,R_Quartile,F_Quartile,M_Quartile,RFMScore
157,9,3065.3400000000006,59.0,1,4,4,144
163,12,1075.8600000000001,140.0,1,4,4,144
275,8,796.8999999999999,189.0,1,4,4,144
372,34,503.28000000000026,294.0,1,4,4,144
206,9,289.28,515.0,1,4,4,144
264,8,258.9,572.0,1,4,4,144
143,6,244.1,596.0,1,4,4,144
156,11,232.20000000000002,625.0,1,4,4,144
217,12,187.65,770.0,1,4,4,144
169,7,170.2,856.0,1,4,4,144
172,6,150.57,950.0,1,4,4,144
